[
    {
        "support_timeframe": 2020,
        "Site": "Mid",
        "Process": "Gas plant",
        "inst-cap": 0,
        "cap-lo": 0,
        "cap-up": 80000,
        "max-grad": 4.8,
        "min-fraction": 0.25,
        "inv-cost": 450000,
        "fix-cost": 6000,
        "var-cost": 1.62,
        "wacc": 0.07,
        "depreciation": 30,
        "area-per-cap": NaN
    },
    {
        "support_timeframe": 2020,
        "Site": "Mid",
        "Process": "Lignite plant",
        "inst-cap": 0,
        "cap-lo": 0,
        "cap-up": 60000,
        "max-grad": 0.8999999999999999,
        "min-fraction": 0.65,
        "inv-cost": 600000,
        "fix-cost": 18000,
        "var-cost": 0.6000000000000001,
        "wacc": 0.07,
        "depreciation": 40,
        "area-per-cap": NaN
    },
    {
        "support_timeframe": 2020,
        "Site": "North",
        "Process": "Purchase",
        "inst-cap": 0,
        "cap-lo": 0,
        "cap-up": 2500,
        "max-grad": Infinity,
        "min-fraction": 0.0,
        "inv-cost": 0,
        "fix-cost": 80,
        "var-cost": 0.0,
        "wacc": 0.07,
        "depreciation": 1,
        "area-per-cap": NaN
    },
    {
        "support_timeframe": 2020,
        "Site": "South",
        "Process": "Purchase",
        "inst-cap": 0,
        "cap-lo": 0,
        "cap-up": 1500,
        "max-grad": Infinity,
        "min-fraction": 0.0,
        "inv-cost": 0,
        "fix-cost": 80,
        "var-cost": 0.0,
        "wacc": 0.07,
        "depreciation": 1,
        "area-per-cap": NaN
    }
]